Name,Phone,Address,Email
Jinson,11223133,New York,jin.gaming@gmai.com
Anthony Cooper,+1-406-542-0093x20432,"2868 Laura Fords, East Brookeview, OK 84209",fernandeztimothy@example.org
Donna Bauer,(926)685-3500x337,"043 Stanton Mountains Suite 537, Port Virginiafurt, AS 43714",ethancampbell@example.org
Derek Vasquez,974.581.9882x7291,"78137 Katelyn Fields, Theresaberg, SD 05159",dbentley@example.org
Justin Vazquez,971-287-8323x8056,"35213 Alex Loop, West Stephanie, SC 01438",robertsdylan@example.com
Steven Martinez,(827)887-0515x0894,"74242 Washington Crossroad Suite 721, Mejiaview, AK 72222",jennifer18@example.net
Deborah Snyder,+1-662-252-7824,"6655 Holly Radial, East Bethmouth, ID 80001",jkrueger@example.org
Shelby Wall,511.597.0598,"12320 Buckley Shoals, Jamieside, ND 59852",christine12@example.net
Matthew Dodson,(665)239-0895,"PSC 8409, Box 4240, APO AP 46215",emily75@example.org
John Moore,(202)721-5673x5741,"069 Porter Passage Apt. 852, Duncanside, AS 73990",vgalloway@example.net
Kristin Farrell DVM,+1-897-717-7135,"71268 Todd Springs Apt. 046, North Jesse, SC 84019",lmathis@example.com
Kelly Smith,+1-593-617-8490,"416 Khan Point, Larryberg, MS 61177",simpsonmary@example.net
Matthew Davenport,983-672-2184,"570 Kathy Drive Apt. 873, Jonathanbury, PR 70573",jaredpaul@example.com
Jessica King,(749)406-4330x857,"616 Guerrero Motorway, West Crystal, WA 52903",holmesjohn@example.org
Kevin Marshall,697-528-0132x218,"7877 Hogan Mount Suite 844, Lake Nancyfort, AR 66328",kimberlymartinez@example.org
Sheri Phillips,709-824-5982,"9375 Perez Port, Dawnburgh, HI 52412",alexander14@example.net
Thomas Stout,+1-823-303-3869x246,"666 Tina Rest, South Nancy, MN 22674",tara38@example.net
Amy Gould,624-714-3814x0413,"745 Jenkins Run Suite 984, Michaelstad, IL 45365",vanessa88@example.org
Sandra Martin,+1-583-504-3480x616,"46099 Flowers Square, Smithberg, PR 33512",vmurphy@example.com
Kelly Duncan,+1-943-718-6022,"08036 White Squares, North Stephanie, VI 87284",ryanodonnell@example.com
Dorothy White,370.793.7903x3654,"45198 Lisa Parkways, Johnside, VA 31013",smithjennifer@example.net
David Cole,001-692-379-3914,"5107 Murray Stream Apt. 466, Hatfieldton, TX 44200",jacobsmith@example.com
Ricardo Summers,774.514.3230,"89760 Barber Crossing Apt. 778, Alexandriafort, SD 61361",ryandebra@example.com
William Cross,222333666,lockie,lockie@mail.com
Angela Smith,001-578-513-5078x706,"819 Cruz Bridge, West Justin, PA 02130",msnyder@example.com
Patricia Holden,(592)208-3413,"62285 Murray Drive, New Brianshire, CA 90868",ghenderson@example.org
James Brown,833-636-1470x430,"904 Aguilar Fords, Jamesfort, AR 17093",willieblair@example.org
Jessica Hunt,001-934-362-9349x80390,"32965 Jeremy Lock, Christinaborough, DE 08594",channa@example.org
Derrick Johnson Jr.,(851)608-1420,"4775 Raymond Ridges Suite 140, West Jasonstad, NE 61551",shannon18@example.net
Jeffrey Irwin,001-898-278-8687x119,"20808 Castro Trail Apt. 258, Davidton, AL 92841",joseph58@example.org
Andrew Hamilton,483.248.2591x264,"72625 Shaw Mountains, Adamsville, NJ 46304",tiffany94@example.com
